Great Lake Boutiques,,6556350a-9941-11e8-ab1c-080027d981a5
Amazon,,6556350a-9941-11e8-ab1c-080027d981a5
OHM,,6556350a-9941-11e8-ab1c-080027d981a5
OHM in Europe,,6556350a-9941-11e8-ab1c-080027d981a5
OHM in Australia,,6556350a-9941-11e8-ab1c-080027d981a5
OHM in Russia,,6556350a-9941-11e8-ab1c-080027d981a5
OHM in Canada,,6556350a-9941-11e8-ab1c-080027d981a5
OHM in Taiwan,,6556350a-9941-11e8-ab1c-080027d981a5
OHM in Thailand,,6556350a-9941-11e8-ab1c-080027d981a5
OHM Stuff,,6556350a-9941-11e8-ab1c-080027d981a5
OHM Together,,6556350a-9941-11e8-ab1c-080027d981a5
Other,,6556350a-9941-11e8-ab1c-080027d981a5
